{
  "timestamp": "2025-09-14T07:21:21.555276+00:00",
  "source_urls": [
    "rtsp://10.37.111.247:8554/cam1",
    "rtsp://10.37.111.247:8554/cam2"
  ],
  "image_size": [
    1280,
    720
  ],
  "intrinsics": {
    "fx": 985.513576841333,
    "fy": 985.513576841333,
    "cx": 640.0,
    "cy": 360.0,
    "hfov_deg": 66.0,
    "baseline_m": 0.1
  },
  "projector_corners_px": [
    [
      0.0,
      0.0
    ],
    [
      910.0,
      0.0
    ],
    [
      910.0,
      605.0
    ],
    [
      0.0,
      605.0
    ]
  ],
  "screen_corners_2d": {
    "cam1": [
      [
        268.06060791015625,
        59.37717819213867
      ],
      [
        1019.4351196289062,
        72.49066162109375
      ],
      [
        1042.169677734375,
        546.3264770507812
      ],
      [
        251.33248901367188,
        550.5682983398438
      ]
    ],
    "cam2": [
      [
        224.5887908935547,
        83.9530029296875
      ],
      [
        978.8464965820312,
        84.2073974609375
      ],
      [
        1010.7557373046875,
        561.3336181640625
      ],
      [
        210.0940704345703,
        573.0514526367188
      ]
    ]
  },
  "screen_corners_3d_m": [
    [
      -0.9055874072339855,
      -0.6915349816021165,
      2.2670172182243333
    ],
    [
      0.8848312190603366,
      -0.7083495738371499,
      2.4280537324540004
    ],
    [
      1.230226779045865,
      0.5931330947412597,
      3.137185476769992
    ],
    [
      -0.9924888838566995,
      0.46211349733090457,
      2.389794785537103
    ]
  ]
}