{
  "timestamp": "2025-09-14T06:39:35.592006+00:00",
  "source_urls": [
    "rtsp://10.37.111.247:8554/cam1",
    "rtsp://10.37.111.247:8554/cam2"
  ],
  "image_size": [
    1280,
    720
  ],
  "intrinsics": {
    "fx": 985.513576841333,
    "fy": 985.513576841333,
    "cx": 640.0,
    "cy": 360.0,
    "hfov_deg": 66.0,
    "baseline_m": 0.1
  },
  "projector_corners_px": [
    [
      0.0,
      0.0
    ],
    [
      1350.0,
      0.0
    ],
    [
      1350.0,
      900.0
    ],
    [
      0.0,
      900.0
    ]
  ],
  "screen_corners_2d": {
    "cam1": [
      [
        352.39508056640625,
        48.4461669921875
      ],
      [
        1110.3212890625,
        43.93438720703125
      ],
      [
        1130.6488037109375,
        529.1370239257812
      ],
      [
        342.9930725097656,
        528.9779052734375
      ]
    ],
    "cam2": [
      [
        305.9772033691406,
        70.212890625
      ],
      [
        1065.331787109375,
        55.069271087646484
      ],
      [
        1095.2144775390625,
        538.1751708984375
      ],
      [
        301.4041748046875,
        551.4459228515625
      ]
    ]
  },
  "screen_corners_3d_m": [
    [
      -0.669599466411049,
      -0.671193625860524,
      2.1231336638966063
    ],
    [
      0.9954023019693179,
      -0.702531922052128,
      2.190541201963403
    ],
    [
      1.334670901687348,
      0.477325357071497,
      2.781239784442569
    ],
    [
      -0.7641495540382379,
      0.40630532329017416,
      2.369655439848311
    ]
  ]
}