{
  "timestamp": "2025-09-14T11:35:31.130121+00:00",
  "source_urls": [
    "rtsp://10.37.111.247:8554/cam1",
    "rtsp://10.37.111.247:8554/cam2"
  ],
  "image_size": [
    1280,
    720
  ],
  "intrinsics": {
    "fx": 985.513576841333,
    "fy": 985.513576841333,
    "cx": 640.0,
    "cy": 360.0,
    "hfov_deg": 66.0,
    "baseline_m": 0.1
  },
  "projector_corners_px": [
    [
      0.0,
      0.0
    ],
    [
      910.0,
      0.0
    ],
    [
      910.0,
      605.0
    ],
    [
      0.0,
      605.0
    ]
  ],
  "screen_corners_2d": {
    "cam1": [
      [
        278.3997497558594,
        82.60247039794922
      ],
      [
        1088.372802734375,
        76.83903503417969
      ],
      [
        1118.907958984375,
        593.1940307617188
      ],
      [
        260.9039306640625,
        598.1463012695312
      ]
    ],
    "cam2": [
      [
        217.06454467773438,
        106.13473510742188
      ],
      [
        1022.2702026367188,
        92.15755462646484
      ],
      [
        1055.416748046875,
        609.9014282226562
      ],
      [
        196.94801330566406,
        621.1185302734375
      ]
    ]
  },
  "screen_corners_3d_m": [
    [
      -0.6395476338320816,
      -0.4522647788471873,
      1.6067665797905897
    ],
    [
      0.6282982848964705,
      -0.4283658502804645,
      1.490884738853526
    ],
    [
      0.704290163808352,
      0.3672855302622472,
      1.5522047261178575
    ],
    [
      -0.6427458865323524,
      0.37236007410385275,
      1.5409263404333287
    ]
  ]
}