{
  "timestamp": "2025-09-14T09:41:13.037358+00:00",
  "source_urls": [
    "rtsp://10.37.111.247:8554/cam1",
    "rtsp://10.37.111.247:8554/cam2"
  ],
  "image_size": [
    1280,
    720
  ],
  "intrinsics": {
    "fx": 985.513576841333,
    "fy": 985.513576841333,
    "cx": 640.0,
    "cy": 360.0,
    "hfov_deg": 66.0,
    "baseline_m": 0.1
  },
  "projector_corners_px": [
    [
      0.0,
      0.0
    ],
    [
      910.0,
      0.0
    ],
    [
      910.0,
      605.0
    ],
    [
      0.0,
      605.0
    ]
  ],
  "screen_corners_2d": {
    "cam1": [
      [
        249.5628662109375,
        82.66307067871094
      ],
      [
        1058.5089111328125,
        80.90032958984375
      ],
      [
        1087.9107666015625,
        598.1703491210938
      ],
      [
        228.5001983642578,
        601.3176879882812
      ]
    ],
    "cam2": [
      [
        186.49305725097656,
        105.37118530273438
      ],
      [
        994.8912353515625,
        96.12107849121094
      ],
      [
        1023.5934448242188,
        614.0000610351562
      ],
      [
        163.33230590820312,
        624.0291748046875
      ]
    ]
  },
  "screen_corners_3d_m": [
    [
      -0.6690555199508001,
      -0.439730092566719,
      1.562575807811585
    ],
    [
      0.607850048737806,
      -0.4387140318829679,
      1.5491191162500673
    ],
    [
      0.6464076771606841,
      0.37030514104054474,
      1.532267746242642
    ],
    [
      -0.6814456185816243,
      0.3703015072200032,
      1.5122686029871293
    ]
  ]
}