{
  "timestamp": "2025-09-14T09:50:28.544912+00:00",
  "source_urls": [
    "rtsp://10.37.111.247:8554/cam1",
    "rtsp://10.37.111.247:8554/cam2"
  ],
  "image_size": [
    1280,
    720
  ],
  "intrinsics": {
    "fx": 985.513576841333,
    "fy": 985.513576841333,
    "cx": 640.0,
    "cy": 360.0,
    "hfov_deg": 66.0,
    "baseline_m": 0.1
  },
  "projector_corners_px": [
    [
      0.0,
      0.0
    ],
    [
      910.0,
      0.0
    ],
    [
      910.0,
      605.0
    ],
    [
      0.0,
      605.0
    ]
  ],
  "screen_corners_2d": {
    "cam1": [
      [
        249.3690643310547,
        82.40679931640625
      ],
      [
        1058.90087890625,
        80.12452697753906
      ],
      [
        1087.6806640625,
        597.2431030273438
      ],
      [
        228.7450714111328,
        600.7299194335938
      ]
    ],
    "cam2": [
      [
        186.43414306640625,
        104.90401458740234
      ],
      [
        996.3602294921875,
        94.3416748046875
      ],
      [
        1023.4059448242188,
        613.7237548828125
      ],
      [
        163.96762084960938,
        623.1835327148438
      ]
    ]
  },
  "screen_corners_3d_m": [
    [
      -0.6706902746827922,
      -0.4410797616100655,
      1.5659248586283876
    ],
    [
      0.6198057708560644,
      -0.4475097007219914,
      1.575796839454847
    ],
    [
      0.6465112712555683,
      0.369107956968009,
      1.5332833632268488
    ],
    [
      -0.6848735941657216,
      0.37162610962121245,
      1.5213837042032483
    ]
  ]
}